"","naive_fit_cv_rmse","rwf_fit_rmse","arima_fit_rmse","ets_fit_rmse"
"1",50.3946214174084,50.3946214174084,25.3766063246091,24.9543720822892
