"","naive_fit_cv_rmse","rwf_fit_rmse","arima_fit_rmse","ets_fit_rmse"
"1",477.48188378739,481.745495080694,362.38266724457,343.872440524641
