"","naive_fit_cv_rmse","rwf_fit_rmse","arima_fit_rmse","ets_fit_rmse"
"1",54.8328505324297,54.8328505324297,29.4042446196043,27.0725932526312
