"","naive_fit_cv_rmse","rwf_fit_rmse","arima_fit_rmse","ets_fit_rmse"
"1",5.91925198121835,6.01085090698459,4.40585484886844,4.42279850479995
