"","naive_fit_cv_rmse","rwf_fit_rmse","arima_fit_rmse","ets_fit_rmse"
"1",22.957688955564,23.0345399414975,16.2082044568852,16.1717848590425
